{
  "items": [
    "2268105407220155366",
    "2268105428166508982"
  ],
  "support": 0.015748031496062992,
  "rules": [
    {
      "antecedent": [
        "2268105407220155366"
      ],
      "consequent": [
        "2268105428166508982"
      ],
      "lift": 9.407407407407407,
      "confidence": 0.6666666666666666
    }
  ]
}