{"items": ["2268105428166508982", "2268105430162997728"], "support": 0.033707865168539325, "ordered_statistics": [{"items_base": ["2268105428166508982"], "items_add": ["2268105430162997728"], "confidence": 0.5, "lift": 6.357142857142858}]}
