{
  "items": [
    "2268105428594328000",
    "2268105390484882084",
    "2268105440220938934"
  ],
  "support": 0.015748031496062992,
  "rules": [
    {
      "antecedent": [
        "2268105428594328000"
      ],
      "consequent": [
        "2268105440220938934",
        "2268105390484882084"
      ],
      "lift": 18.142857142857142,
      "confidence": 1.0
    },
    {
      "antecedent": [
        "2268105428594328000",
        "2268105440220938934"
      ],
      "consequent": [
        "2268105390484882084"
      ],
      "lift": 18.142857142857142,
      "confidence": 1.0
    }
  ]
}