{"items": ["2268105408025461752", "2268105428166508982"], "support": 0.016260162601626018, "ordered_statistics": [{"items_base": ["2268105408025461752"], "items_add": ["2268105428166508982"], "confidence": 1.0, "lift": 15.374999999999998}]}
