{"items": ["2268105392070329020", "2268105407220155366"], "support": 0.015748031496062992, "ordered_statistics": [{"items_base": ["2268105407220155366"], "items_add": ["2268105392070329020"], "confidence": 0.6666666666666666, "lift": 16.933333333333334}]}
