{"items": ["2268105407220155366", "2268105409048870926"], "support": 0.016260162601626018, "ordered_statistics": [{"items_base": ["2268105407220155366"], "items_add": ["2268105409048870926"], "confidence": 0.5, "lift": 20.5}, {"items_base": ["2268105409048870926"], "items_add": ["2268105407220155366"], "confidence": 0.6666666666666667, "lift": 20.5}]}
