{
  "items": [
    "2268105430162997728",
    "2268105402774193030",
    "2268105428166508982"
  ],
  "support": 0.033707865168539325,
  "rules": [
    {
      "antecedent": [
        "2268105428166508982"
      ],
      "consequent": [
        "2268105430162997728",
        "2268105402774193030"
      ],
      "lift": 6.357142857142858,
      "confidence": 0.5
    },
    {
      "antecedent": [
        "2268105402774193030",
        "2268105428166508982"
      ],
      "consequent": [
        "2268105430162997728"
      ],
      "lift": 6.357142857142858,
      "confidence": 0.5
    }
  ]
}