{"items": ["2268105407220155366", "2268105428166508982", "2268105440220938934"], "support": 0.015748031496062992, "ordered_statistics": [{"items_base": ["2268105407220155366"], "items_add": ["2268105428166508982", "2268105440220938934"], "confidence": 0.6666666666666666, "lift": 9.407407407407407}, {"items_base": ["2268105407220155366", "2268105440220938934"], "items_add": ["2268105428166508982"], "confidence": 0.6666666666666666, "lift": 9.407407407407407}]}
