{
  "items": [
    "2268105392070329020",
    "2268105407220155366"
  ],
  "support": 0.015748031496062992,
  "rules": [
    {
      "antecedent": [
        "2268105407220155366"
      ],
      "consequent": [
        "2268105392070329020"
      ],
      "lift": 16.933333333333334,
      "confidence": 0.6666666666666666
    }
  ]
}