{
  "items": [
    "2374498914000592278",
    "2268105393848713950",
    "2268105428166508982"
  ],
  "support": 0.019801980198019802,
  "rules": [
    {
      "antecedent": [
        "2268105393848713950"
      ],
      "consequent": [
        "2374498914000592278",
        "2268105428166508982"
      ],
      "lift": 3.8846153846153846,
      "confidence": 0.5
    },
    {
      "antecedent": [
        "2374498914000592278",
        "2268105393848713950"
      ],
      "consequent": [
        "2268105428166508982"
      ],
      "lift": 3.8846153846153846,
      "confidence": 0.5
    }
  ]
}