{
  "items": [
    "2268105409225031698",
    "2268105407220155366"
  ],
  "support": 0.016260162601626018,
  "rules": [
    {
      "antecedent": [
        "2268105407220155366"
      ],
      "consequent": [
        "2268105409225031698"
      ],
      "lift": 20.5,
      "confidence": 0.5
    },
    {
      "antecedent": [
        "2268105409225031698"
      ],
      "consequent": [
        "2268105407220155366"
      ],
      "lift": 20.5,
      "confidence": 0.6666666666666667
    }
  ]
}