{
  "items": [
    "2268105392070329020",
    "2268105430162997728",
    "2268105428166508982"
  ],
  "support": 0.02142857142857143,
  "rules": [
    {
      "antecedent": [
        "2268105392070329020",
        "2268105428166508982"
      ],
      "consequent": [
        "2268105430162997728"
      ],
      "lift": 11.666666666666668,
      "confidence": 0.75
    },
    {
      "antecedent": [
        "2268105392070329020",
        "2268105430162997728"
      ],
      "consequent": [
        "2268105428166508982"
      ],
      "lift": 8.23529411764706,
      "confidence": 1.0
    },
    {
      "antecedent": [
        "2268105430162997728",
        "2268105428166508982"
      ],
      "consequent": [
        "2268105392070329020"
      ],
      "lift": 9.545454545454545,
      "confidence": 0.75
    }
  ]
}