{
  "items": [
    "2268105408025461752",
    "2268105408964984844",
    "2268105428166508982"
  ],
  "support": 0.016260162601626018,
  "rules": [
    {
      "antecedent": [
        "2268105408025461752"
      ],
      "consequent": [
        "2268105408964984844",
        "2268105428166508982"
      ],
      "lift": 15.374999999999998,
      "confidence": 1.0
    },
    {
      "antecedent": [
        "2268105408025461752",
        "2268105408964984844"
      ],
      "consequent": [
        "2268105428166508982"
      ],
      "lift": 15.374999999999998,
      "confidence": 1.0
    }
  ]
}