{"items": ["2268105407220155366", "2268105428166508982", "2268105446034244402"], "support": 0.02142857142857143, "ordered_statistics": [{"items_base": ["2268105407220155366"], "items_add": ["2268105428166508982", "2268105446034244402"], "confidence": 0.75, "lift": 6.176470588235294}, {"items_base": ["2268105407220155366", "2268105446034244402"], "items_add": ["2268105428166508982"], "confidence": 0.75, "lift": 6.176470588235294}]}
