{
  "items": [
    "2268105441856717530",
    "2268105464766005446",
    "2268105428166508982"
  ],
  "support": 0.020202020202020204,
  "rules": [
    {
      "antecedent": [
        "2268105441856717530"
      ],
      "consequent": [
        "2268105464766005446",
        "2268105428166508982"
      ],
      "lift": 7.071428571428572,
      "confidence": 1.0
    },
    {
      "antecedent": [
        "2268105464766005446",
        "2268105441856717530"
      ],
      "consequent": [
        "2268105428166508982"
      ],
      "lift": 7.071428571428572,
      "confidence": 1.0
    }
  ]
}