{"items": ["2268105392070329020", "2268105428166508982", "2268105430162997728"], "support": 0.02142857142857143, "ordered_statistics": [{"items_base": ["2268105392070329020", "2268105428166508982"], "items_add": ["2268105430162997728"], "confidence": 0.75, "lift": 11.666666666666668}, {"items_base": ["2268105392070329020", "2268105430162997728"], "items_add": ["2268105428166508982"], "confidence": 1.0, "lift": 8.23529411764706}, {"items_base": ["2268105428166508982", "2268105430162997728"], "items_add": ["2268105392070329020"], "confidence": 0.75, "lift": 9.545454545454545}]}
