{
  "items": [
    "2268105440824918724",
    "2268105428166508982"
  ],
  "support": 0.015748031496062992,
  "rules": [
    {
      "antecedent": [
        "2268105440824918724"
      ],
      "consequent": [
        "2268105428166508982"
      ],
      "lift": 14.11111111111111,
      "confidence": 1.0
    }
  ]
}