{
  "items": [
    "2268105407933187062",
    "2268105409225031698",
    "2268105408964984844"
  ],
  "support": 0.016260162601626018,
  "rules": [
    {
      "antecedent": [
        "2268105409225031698"
      ],
      "consequent": [
        "2268105407933187062",
        "2268105408964984844"
      ],
      "lift": 9.111111111111112,
      "confidence": 0.6666666666666667
    },
    {
      "antecedent": [
        "2268105409225031698",
        "2268105408964984844"
      ],
      "consequent": [
        "2268105407933187062"
      ],
      "lift": 9.111111111111112,
      "confidence": 0.6666666666666667
    }
  ]
}