{
  "items": [
    "2268105407933187062",
    "2268105393848713950"
  ],
  "support": 0.016260162601626018,
  "rules": [
    {
      "antecedent": [
        "2268105393848713950"
      ],
      "consequent": [
        "2268105407933187062"
      ],
      "lift": 13.666666666666668,
      "confidence": 1.0
    }
  ]
}