{"items": ["2268105407220155366", "2268105408964984844", "2268105409225031698"], "support": 0.016260162601626018, "ordered_statistics": [{"items_base": ["2268105407220155366"], "items_add": ["2268105408964984844", "2268105409225031698"], "confidence": 0.5, "lift": 20.5}, {"items_base": ["2268105409225031698"], "items_add": ["2268105407220155366", "2268105408964984844"], "confidence": 0.6666666666666667, "lift": 20.5}, {"items_base": ["2268105407220155366", "2268105408964984844"], "items_add": ["2268105409225031698"], "confidence": 0.5, "lift": 20.5}, {"items_base": ["2268105408964984844", "2268105409225031698"], "items_add": ["2268105407220155366"], "confidence": 0.6666666666666667, "lift": 20.5}]}
