{"items": ["2268105428166508982", "2268105440824918724"], "support": 0.015748031496062992, "ordered_statistics": [{"items_base": ["2268105440824918724"], "items_add": ["2268105428166508982"], "confidence": 1.0, "lift": 14.11111111111111}]}
