{"items": ["2268105428166508982", "2268105441856717530"], "support": 0.020202020202020204, "ordered_statistics": [{"items_base": ["2268105441856717530"], "items_add": ["2268105428166508982"], "confidence": 1.0, "lift": 7.071428571428572}]}
