{
  "items": [
    "2268105430162997728",
    "2268105446034244402",
    "2268105442242593506"
  ],
  "support": 0.02142857142857143,
  "rules": [
    {
      "antecedent": [
        "2268105442242593506"
      ],
      "consequent": [
        "2268105430162997728",
        "2268105446034244402"
      ],
      "lift": 7.777777777777779,
      "confidence": 0.5
    },
    {
      "antecedent": [
        "2268105446034244402",
        "2268105442242593506"
      ],
      "consequent": [
        "2268105430162997728"
      ],
      "lift": 7.777777777777779,
      "confidence": 0.5
    }
  ]
}