{"items": ["2268105430162997728", "2268105442242593506", "2268105446034244402"], "support": 0.02142857142857143, "ordered_statistics": [{"items_base": ["2268105442242593506"], "items_add": ["2268105430162997728", "2268105446034244402"], "confidence": 0.5, "lift": 7.777777777777779}, {"items_base": ["2268105442242593506", "2268105446034244402"], "items_add": ["2268105430162997728"], "confidence": 0.5, "lift": 7.777777777777779}]}
