{
  "items": [
    "2268105407220155366",
    "2268105428166508982"
  ],
  "support": 0.02142857142857143,
  "rules": [
    {
      "antecedent": [
        "2268105407220155366"
      ],
      "consequent": [
        "2268105428166508982"
      ],
      "lift": 6.176470588235294,
      "confidence": 0.75
    }
  ]
}