{"items": ["2268105393848713950", "2268105407933187062"], "support": 0.016260162601626018, "ordered_statistics": [{"items_base": ["2268105393848713950"], "items_add": ["2268105407933187062"], "confidence": 1.0, "lift": 13.666666666666668}]}
