{"items": ["2268105407933187062", "2268105409225031698"], "support": 0.016260162601626018, "ordered_statistics": [{"items_base": ["2268105409225031698"], "items_add": ["2268105407933187062"], "confidence": 0.6666666666666667, "lift": 9.111111111111112}]}
