{"items": ["2268105393848713950", "2268105428166508982"], "support": 0.019801980198019802, "ordered_statistics": [{"items_base": ["2268105393848713950"], "items_add": ["2268105428166508982"], "confidence": 0.5, "lift": 3.8846153846153846}]}
