{"items": ["2268105390484882084", "2268105428594328000", "2268105440220938934"], "support": 0.015748031496062992, "ordered_statistics": [{"items_base": ["2268105428594328000"], "items_add": ["2268105390484882084", "2268105440220938934"], "confidence": 1.0, "lift": 18.142857142857142}, {"items_base": ["2268105428594328000", "2268105440220938934"], "items_add": ["2268105390484882084"], "confidence": 1.0, "lift": 18.142857142857142}]}
