{"items": ["1515966223509088613", "1515966223509088671"], "support": 0.0221606648199446, "ordered_statistics": [{"items_base": ["1515966223509088671"], "items_add": ["1515966223509088613"], "confidence": 1.0, "lift": 1.7524271844660195}]}
