{
  "items": [
    "1515966223509088671",
    "1515966223509088567"
  ],
  "support": 0.02040816326530612,
  "rules": [
    {
      "antecedent": [
        "1515966223509088567"
      ],
      "consequent": [
        "1515966223509088671"
      ],
      "lift": 1.4848484848484849,
      "confidence": 1.0
    }
  ]
}