{"items": ["1515966223509088639", "1515966223509088692"], "support": 0.01812688821752266, "ordered_statistics": [{"items_base": ["1515966223509088692"], "items_add": ["1515966223509088639"], "confidence": 0.9230769230769232, "lift": 4.8886153846153855}]}
