{"items": ["1515966223509088509", "1515966223509088613"], "support": 0.013850415512465374, "ordered_statistics": [{"items_base": ["1515966223509088509"], "items_add": ["1515966223509088613"], "confidence": 0.8333333333333333, "lift": 1.460355987055016}]}
