{"items": ["1515966223509088567", "1515966223509088671"], "support": 0.02040816326530612, "ordered_statistics": [{"items_base": ["1515966223509088567"], "items_add": ["1515966223509088671"], "confidence": 1.0, "lift": 1.4848484848484849}]}
