{
  "items": [
    "1515966223509088613",
    "1515966223509088671"
  ],
  "support": 0.0221606648199446,
  "rules": [
    {
      "antecedent": [
        "1515966223509088671"
      ],
      "consequent": [
        "1515966223509088613"
      ],
      "lift": 1.7524271844660195,
      "confidence": 1.0
    }
  ]
}