{
  "items": [
    "1515966223509088613",
    "1515966223509088509"
  ],
  "support": 0.013850415512465374,
  "rules": [
    {
      "antecedent": [
        "1515966223509088509"
      ],
      "consequent": [
        "1515966223509088613"
      ],
      "lift": 1.460355987055016,
      "confidence": 0.8333333333333333
    }
  ]
}