{
  "items": [
    "1515966223509088692",
    "1515966223509088639"
  ],
  "support": 0.01812688821752266,
  "rules": [
    {
      "antecedent": [
        "1515966223509088692"
      ],
      "consequent": [
        "1515966223509088639"
      ],
      "lift": 4.8886153846153855,
      "confidence": 0.9230769230769232
    }
  ]
}