{
  "items": [
    "1515966223509089045",
    "1515966223509104342"
  ],
  "support": 0.021739130434782608,
  "rules": [
    {
      "antecedent": [
        "1515966223509089045"
      ],
      "consequent": [
        "1515966223509104342"
      ],
      "lift": 1.6283185840707965,
      "confidence": 1.0
    }
  ]
}