{"items": ["1515966223509089045", "1515966223509104342"], "support": 0.021739130434782608, "ordered_statistics": [{"items_base": ["1515966223509089045"], "items_add": ["1515966223509104342"], "confidence": 1.0, "lift": 1.6283185840707965}]}
